정리정돈상태,관측수,평균 SHAP,SD SHAP
1.0,1,0.04016,
3.0,37,0.03115,0.01269
4.0,122,-0.01941,0.00491
5.0,115,-0.01186,0.00743
